applies_to_category,addon,price_extra,ingredient,quantity,unit,only_sizes
Chicken Wings,Cheesy Buffalo Drip,50.00,Cheese Drip Sauce,40,g,All
Chicken Wings,Cheesy Buffalo Drip,50.00,Buffalo Sauce,15,g,All
Chicken Wings,Double Cheese Drip,50.00,Cheese Drip Sauce,60,g,All
Chicken Wings,Extra Rice,20.00,Rice,70,g,All
Espresso,Caramel Syrup,20.00,Caramel Syrup,20,ml,All
Espresso,Extra Milk,15.00,Fresh Milk,60,ml,All
Espresso,Extra Shot,25.00,Espresso Shot,30,ml,All
Espresso,Hazelnut Syrup,20.00,Hazelnut Syrup,15,ml,All
Espresso,Vanilla Syrup,20.00,Vanilla Syrup,20,ml,All
Espresso,Whipped Cream,15.00,Whipped Cream,20,g,All
Espresso,Pearl/Boba,25.00,Tapioca Pearls,50,g,Iced sizes only
Cold Brew,Caramel Syrup,20.00,Caramel Syrup,20,ml,All
Cold Brew,Extra Milk,15.00,Fresh Milk,60,ml,All
Cold Brew,Hazelnut Syrup,20.00,Hazelnut Syrup,15,ml,All
Cold Brew,Vanilla Syrup,20.00,Vanilla Syrup,20,ml,All
Cold Brew,Whipped Cream,15.00,Whipped Cream,20,g,All
Cold Brew,Pearl/Boba,25.00,Tapioca Pearls,50,g,Iced sizes only
Non-Coffee,Caramel Syrup,20.00,Caramel Syrup,20,ml,All
Non-Coffee,Extra Milk,15.00,Fresh Milk,60,ml,All
Non-Coffee,Hazelnut Syrup,20.00,Hazelnut Syrup,15,ml,All
Non-Coffee,Vanilla Syrup,20.00,Vanilla Syrup,20,ml,All
Non-Coffee,Whipped Cream,15.00,Whipped Cream,20,g,All
Non-Coffee,Pearl/Boba,25.00,Tapioca Pearls,50,g,Iced sizes only
Refreshers,Pearl/Boba,25.00,Tapioca Pearls,50,g,Iced sizes only
