category,product,size,price_vat_inclusive
Chicken Wings,Lone,Regular,189.00
Chicken Wings,Wingman,Regular,259.00
Chicken Wings,Wingstreak,Regular,359.00
Chicken Wings,Trio,Regular,529.00
Chicken Wings,Squad,Regular,699.00
Chicken Wings,Winner Chicken Dinner,Regular,1199.00
Chicken Wings,Chicken Wings & Hashbrown,Regular,259.00
Chicken Wings,Chicken Wings & Fries,Regular,259.00
Add-ons,Cheesy Buffalo Drip,Regular,50.00
Add-ons,Double Cheese Drip,Regular,50.00
Add-ons,Rice,Regular,20.00
Drinks,Coke 1.75L,Regular,120.00
Drinks,Coke 1.5L,Regular,100.00
Drinks,Mountain Dew 1.5L,Regular,100.00
Drinks,Coke in Can,Regular,55.00
Drinks,Coke Zero in Can,Regular,55.00
Drinks,Sprite in Can,Regular,55.00
Drinks,Royal in Can,Regular,55.00
Drinks,Mountain Dew in Can,Regular,55.00
Drinks,Sola Lemon in Can,Regular,80.00
Drinks,Sola Raspberry in Can,Regular,80.00
Drinks,Sola Lemon in Bottle,Regular,120.00
Drinks,Sola Raspberry in Bottle,Regular,120.00
Drinks,Mineral Water,Regular,25.00
Desserts,OG Fudgy Brownie,Regular,55.00
Desserts,Matcha Brownie,Regular,65.00
Desserts,Strawberry Brownie,Regular,65.00
Desserts,Mini Dimsum Egg Tart,Regular,40.00
Desserts,Matcha Cheese Tart,Regular,65.00
