product,size,ingredient,quantity,unit
Americano,Hot 8oz,,,
Americano,Iced 12oz,,,
Latte,Hot 8oz,,,
Latte,Iced 12oz,,,
Mocha,Hot 8oz,,,
Mocha,Iced 12oz,,,
Spanish Latte,Hot 8oz,,,
Spanish Latte,Iced 12oz,,,
Caramel Latte,Hot 8oz,,,
Caramel Latte,Iced 12oz,,,
Hazelnut Mocha,Hot 8oz,,,
Hazelnut Mocha,Iced 12oz,,,
Cinnamon Latte,Hot 8oz,,,
Cinnamon Latte,Iced 12oz,,,
Cinnamon Oat Latte,Iced 12oz,,,
Honey Oat Latte,Iced 12oz,,,
Orange Espresso,Iced 12oz,,,
Salted Cream,Iced 12oz,,,
Cold Brew,Iced 12oz,,,
Cold Brew Latte,Iced 12oz,,,
Spanish Cold Brew Latte,Iced 12oz,,,
Orange Cold Brew,Iced 12oz,,,
Lychee Apple Cold Brew,Iced 12oz,,,
Choco,Hot 8oz,,,
Choco,Iced 16oz,,,
Matcha Latte,Hot 8oz,,,
Matcha Latte,Iced 16oz,,,
Matcha Oat Latte,Iced 16oz,,,
Strawberry Cream,Iced 16oz,,,
Lychee Apple,Iced 16oz,,,
Strawberry,Iced 16oz,,,
Passion Fruit,Iced 16oz,,,
Orange,Iced 16oz,,,
